PHONE_NUMBER,
User_Id,Phone
0,(123) 352-4063
1,(343) 024-6778
1,(249) 378-8697
2,(272) 982-9941
2,(743) 592-3094
3,(569) 780-0265
3,(688) 028-9521
4,(817) 567-4363
4,(711) 662-9906
5,(908) 105-5849
6,(286) 648-4865
7,(634) 860-6998
8,(903) 231-9026
8,(507) 877-9894
9,(490) 812-6732
9,(016) 903-6644
10,(738) 476-6963
10,(960) 757-9940
11,(983) 952-4603
12,(126) 609-9716
13,(322) 931-3103
14,(304) 660-7288
14,(694) 994-5235
15,(990) 460-7547
15,(184) 975-6660
16,(580) 088-3841
16,(995) 156-7974
17,(981) 983-7076
18,(456) 091-6621
18,(497) 047-6730
19,(968) 858-7199
19,(804) 551-1009
20,(047) 923-7240
21,(356) 532-9157
21,(373) 979-9587
22,(433) 730-4136
23,(343) 937-1733
23,(383) 137-7754
24,(762) 237-9536
25,(568) 430-1499
26,(167) 042-3258
27,(083) 701-9670
28,(840) 980-6782
29,(765) 478-2006
29,(205) 019-1328
30,(513) 449-0022
31,(182) 949-9777
31,(406) 362-0202
32,(126) 585-4978
33,(417) 402-2532
34,(343) 895-9953
35,(313) 064-9322
36,(903) 182-8486
36,(448) 964-9101
37,(154) 572-8673
38,(441) 016-2399
38,(543) 857-4178
39,(663) 565-9047
39,(253) 133-5119
40,(425) 753-9261
41,(211) 194-5830
42,(174) 818-3083
43,(414) 395-6259
43,(174) 138-6394
44,(435) 125-3379
44,(535) 725-5874
45,(115) 459-5781
46,(276) 629-6233
47,(810) 338-4781
48,(360) 050-1708
49,(639) 793-4141
49,(553) 835-8870
50,(981) 642-5511
51,(107) 879-4443
51,(205) 320-1177
52,(020) 266-1398
53,(663) 980-0946
54,(387) 242-7729
55,(249) 023-3022
56,(693) 257-7258
56,(529) 915-0270
57,(836) 526-7371
58,(670) 857-3606
59,(279) 789-9764
59,(929) 578-3559
60,(577) 797-6629
60,(539) 514-4581
61,(767) 188-7946
61,(670) 438-5702
62,(125) 132-6834
62,(772) 744-1765
63,(179) 324-3116
63,(193) 540-3999
64,(840) 666-2819
64,(088) 645-9934
65,(478) 887-1123
66,(782) 946-8347
66,(178) 901-1106
67,(648) 230-5011
67,(865) 732-6767
68,(241) 706-4071
69,(371) 942-1653
70,(613) 599-9356
70,(844) 504-2782
71,(216) 287-8052
71,(042) 706-1682
72,(039) 099-7409
73,(180) 966-8127
73,(880) 955-2400
74,(828) 011-2135
74,(786) 801-4379
75,(142) 919-2945
76,(448) 788-2953
77,(279) 197-5095
78,(287) 078-1082
79,(043) 507-4660
79,(698) 091-6746
80,(457) 085-4361
81,(392) 491-1915
81,(305) 227-0322
82,(163) 527-6154
83,(657) 491-5550
83,(597) 037-5816
84,(583) 461-3487
84,(496) 788-6873
85,(256) 846-4514
86,(218) 034-0028
86,(704) 656-6039
87,(900) 393-6745
88,(432) 639-4160
89,(533) 197-8570
89,(487) 590-6413
90,(686) 487-0732
91,(102) 706-6470
92,(642) 159-8790
93,(144) 582-8559
93,(864) 172-4927
94,(551) 880-6586
95,(289) 619-8361
96,(611) 341-1816
97,(810) 560-0299
98,(224) 587-3867
98,(711) 782-1470
99,(453) 826-4315
99,(665) 365-6269
100,(835) 405-9329
101,(268) 995-7331
101,(369) 455-0944
102,(937) 425-9309
102,(387) 707-0729
103,(978) 944-3657
103,(690) 286-8205
104,(926) 870-2955
104,(266) 015-5579
105,(515) 978-2765
106,(141) 410-5246
107,(462) 040-1672
107,(494) 482-0145
108,(534) 914-0963
109,(452) 394-2158
110,(897) 564-3563
110,(338) 007-4791
111,(518) 351-2098
112,(345) 969-6745
113,(188) 147-5413
114,(324) 122-6691
115,(627) 647-0614
116,(684) 610-4112
116,(745) 017-0086
117,(829) 167-9554
117,(632) 980-4904
118,(048) 219-1433
119,(524) 431-2180
120,(978) 465-0865
121,(360) 107-4109
122,(606) 638-1550
123,(742) 403-7057
124,(023) 385-7839
124,(199) 348-6957
125,(020) 050-8609
126,(919) 689-1122
127,(694) 676-0638
128,(116) 609-3951
128,(046) 655-0421
129,(702) 228-8240
129,(233) 657-3250
130,(809) 912-1811
131,(896) 894-3254
131,(057) 937-2715
132,(605) 561-7859
133,(120) 063-6438
134,(469) 012-2436
134,(394) 684-1385
135,(055) 158-1566
136,(535) 085-8587
136,(516) 319-6736
137,(820) 083-7462
138,(791) 734-7999
139,(038) 474-0095
139,(057) 035-3930
140,(318) 999-4402
141,(851) 950-7977
142,(437) 350-3453
142,(131) 513-7953
143,(019) 296-5899
143,(468) 245-1036
144,(202) 326-3963
144,(349) 349-2008
145,(275) 442-7580
146,(276) 046-2866
146,(603) 396-0339
147,(515) 798-9124
147,(112) 878-1753
148,(040) 836-4652
149,(294) 355-9429
149,(206) 819-9219
150,(905) 046-3052
150,(885) 721-6003
151,(289) 039-7534
152,(093) 299-2461
152,(062) 872-4911
153,(480) 230-9271
153,(368) 063-4353
154,(254) 196-4276
155,(060) 676-2429
155,(746) 685-7725
156,(022) 627-1776
157,(785) 370-8078
158,(303) 897-5467
158,(299) 855-1620
159,(780) 149-6104
160,(052) 460-0809
161,(509) 425-3124
161,(759) 555-5584
162,(386) 732-9168
163,(244) 873-0865
164,(055) 646-8825
165,(335) 509-3148
165,(084) 333-8842
166,(969) 074-5623
167,(965) 195-5746
168,(349) 359-7954
169,(895) 273-4014
170,(564) 990-4760
171,(665) 780-3956
171,(895) 182-5505
172,(062) 583-1332
173,(779) 244-0274
174,(411) 462-2316
175,(286) 875-4369
176,(634) 889-7209
176,(090) 969-4412
177,(771) 278-6403
178,(189) 912-2114
179,(848) 173-2774
179,(324) 071-4136
180,(441) 822-3271
181,(438) 225-6864
182,(694) 346-3376
183,(494) 181-6865
183,(207) 820-3400
184,(722) 140-8391
185,(804) 120-1306
185,(172) 875-9264
186,(378) 489-3916
187,(460) 731-3117
188,(449) 736-0645
189,(805) 014-0258
189,(247) 036-2282
190,(672) 355-7006
190,(982) 548-0728
191,(444) 067-1321
192,(224) 084-8545
192,(727) 717-8899
193,(253) 179-1931
193,(442) 863-8236
194,(304) 430-0877
195,(310) 656-2145
196,(490) 169-6413
197,(068) 428-9358
198,(793) 648-6870
199,(254) 382-7294
200,(256) 297-0772
200,(639) 863-6509
201,(656) 195-8480
201,(587) 730-5753
202,(987) 619-9466
203,(384) 892-4937
204,(167) 789-0185
205,(787) 853-9447
206,(088) 641-6835
206,(152) 500-1057
207,(922) 594-7393
207,(379) 542-0091
208,(509) 781-7839
209,(647) 430-6273
209,(688) 075-4102
210,(272) 485-8840
211,(028) 502-3079
211,(528) 280-6506
212,(286) 346-8378
213,(183) 032-1244
213,(622) 121-0554
214,(998) 271-2602
214,(357) 689-6293
215,(638) 313-1973
216,(140) 425-3414
216,(706) 815-2341
217,(982) 996-0378
217,(085) 248-7500
218,(355) 118-1322
218,(307) 278-2491
219,(252) 477-3734
220,(594) 307-4691
220,(051) 778-9812
221,(945) 635-1078
222,(314) 945-3300
223,(030) 054-8278
223,(705) 775-1666
224,(250) 541-6369
224,(938) 611-4395
225,(867) 948-3249
225,(163) 226-6050
226,(849) 893-0466
227,(526) 629-0663
228,(377) 325-7960
229,(847) 920-7355
230,(774) 631-3764
231,(790) 460-9358
232,(253) 714-5219
233,(974) 619-7344
234,(155) 537-6025
234,(791) 981-9212
235,(190) 755-3081
236,(425) 515-9730
237,(993) 227-5224
237,(991) 323-7201
238,(846) 831-3149
238,(425) 209-6996
239,(383) 401-9883
239,(214) 238-3294
240,(730) 409-5168
240,(587) 694-5743
241,(383) 557-2195
241,(712) 284-7322
242,(736) 582-1367
243,(743) 848-7388
244,(249) 220-6967
245,(924) 631-7391
246,(176) 687-5126
247,(524) 688-3476
247,(325) 508-5775
248,(236) 290-9850
248,(979) 025-4974
249,(357) 180-9804
249,(228) 049-9864
250,(980) 365-4858
251,(065) 546-1191
252,(467) 927-2472
252,(808) 155-3105
253,(581) 709-4816
254,(309) 116-6666
254,(071) 489-9448
255,(505) 408-1501
256,(529) 818-6156
257,(223) 855-1123
257,(499) 195-0928
258,(880) 339-4561
259,(589) 143-2159
260,(568) 590-5520
261,(722) 870-8389
261,(207) 695-0833
262,(376) 653-9190
263,(731) 117-7392
264,(382) 941-6359
265,(200) 882-4646
265,(188) 622-1138
266,(150) 078-5200
266,(016) 799-3395
267,(819) 863-8375
267,(924) 880-5624
268,(704) 147-8844
268,(706) 501-7285
269,(318) 979-1009
270,(093) 482-6807
271,(420) 912-8695
271,(206) 248-9790
272,(235) 313-6834
273,(276) 222-1174
273,(456) 669-5856
274,(610) 775-4045
275,(256) 210-7148
275,(379) 978-7048
276,(702) 645-4836
277,(497) 636-0904
277,(890) 601-2591
278,(276) 224-7630
278,(284) 610-7551
279,(206) 780-5793
280,(734) 410-0349
280,(112) 124-0087
281,(099) 708-4086
281,(758) 462-4473
282,(308) 745-1071
283,(376) 173-5279
283,(904) 494-1610
284,(808) 886-7616
285,(834) 702-7915
285,(787) 685-1546
286,(436) 510-6141
287,(945) 683-7408
288,(460) 947-3445
288,(081) 309-6150
289,(529) 914-8061
289,(466) 924-5387
290,(849) 929-1729
290,(605) 263-1182
291,(161) 547-3719
292,(214) 382-0915
292,(761) 098-8550
293,(387) 822-3101
293,(260) 504-1165
294,(462) 491-9516
294,(219) 518-9115
295,(022) 085-9739
296,(107) 611-7080
296,(688) 495-4641
297,(757) 916-0736
298,(649) 518-4563
299,(667) 708-9350
300,(056) 615-1537
300,(722) 645-9800
301,(137) 915-7992
301,(650) 533-7333
302,(074) 709-5803
302,(151) 251-3864
303,(165) 342-2414
303,(761) 390-5606
304,(578) 208-7543
304,(343) 122-2075
305,(297) 492-5718
305,(399) 824-6993
306,(520) 345-3255
307,(200) 912-6383
308,(961) 286-0643
309,(882) 596-0460
309,(672) 892-6341
310,(662) 365-5190
311,(521) 882-7396
311,(566) 157-0666
312,(677) 802-6891
313,(751) 129-8189
314,(780) 628-4143
315,(710) 849-7162
316,(419) 526-7853
316,(286) 659-9131
317,(481) 419-7308
318,(129) 752-9076
318,(881) 366-6023
319,(696) 151-3860
319,(171) 715-1869
320,(176) 387-9672
320,(027) 316-8578
321,(648) 516-8983
322,(156) 923-2366
323,(751) 000-3381
323,(320) 099-3105
324,(305) 799-8753
325,(571) 899-5185
325,(117) 186-9988
326,(381) 934-6728
326,(932) 471-3299
327,(655) 619-0922
327,(479) 143-2483
328,(983) 615-9007
328,(750) 575-1654
329,(466) 686-3862
329,(791) 725-1706
330,(990) 683-8661
331,(501) 906-8550
332,(423) 950-3236
332,(796) 221-8829
333,(103) 434-1242
334,(696) 520-6748
334,(476) 765-3955
335,(261) 397-4288
336,(818) 056-6030
337,(800) 219-6289
337,(239) 979-8325
338,(965) 354-3356
339,(078) 608-9489
339,(269) 466-0299
340,(366) 744-3518
341,(148) 839-0802
341,(243) 287-1775
342,(456) 299-8736
342,(693) 418-9126
343,(114) 424-6975
343,(004) 155-5864
344,(684) 042-2472
345,(889) 503-6165
346,(232) 147-3560
347,(929) 359-0339
348,(398) 365-9088
349,(453) 680-6700
349,(125) 346-9350
350,(098) 297-5505
350,(027) 021-4948
351,(616) 018-0066
351,(688) 731-3258
352,(886) 619-8172
353,(023) 323-2673
353,(433) 215-5707
354,(746) 637-7863
354,(047) 305-5149
355,(589) 162-5170
356,(244) 100-1063
357,(252) 398-4853
358,(136) 730-0060
359,(559) 479-3270
359,(301) 118-0650
360,(831) 849-9450
361,(288) 637-0684
362,(961) 514-6957
362,(124) 891-2129
363,(540) 342-8608
363,(621) 509-8746
364,(424) 134-4985
365,(378) 212-0714
365,(179) 559-4762
366,(670) 962-2456
367,(589) 403-9391
367,(222) 974-8289
368,(069) 495-5641
369,(263) 461-6634
369,(222) 119-5642
370,(688) 543-4984
370,(132) 350-1909
371,(242) 152-1220
371,(434) 690-5762
372,(717) 727-1040
372,(964) 727-1515
373,(179) 752-9658
374,(288) 636-2635
374,(904) 522-9610
375,(503) 631-5273
376,(182) 776-9629
376,(783) 622-7125
377,(480) 337-8274
378,(364) 356-2674
378,(288) 156-4199
379,(913) 488-0489
380,(018) 761-7680
381,(960) 525-7718
381,(445) 137-4357
382,(203) 860-1100
383,(028) 455-6977
384,(296) 931-9107
385,(411) 493-9883
386,(558) 468-4075
386,(137) 961-6452
387,(058) 778-0626
387,(042) 354-6487
388,(241) 771-1883
388,(341) 117-7974
389,(668) 853-3812
390,(174) 440-7639
391,(745) 540-7597
391,(111) 174-2885
392,(909) 520-9648
393,(617) 860-9142
394,(231) 689-2429
395,(439) 203-5860
396,(261) 161-8047
397,(944) 102-2401
398,(565) 870-4576
398,(589) 522-5232
399,(911) 296-8310
399,(049) 468-3056
400,(877) 746-1246
401,(140) 095-3634
402,(020) 034-6361
403,(430) 025-5470
403,(685) 298-5894
404,(236) 805-6628
404,(902) 224-9008
405,(845) 164-3092
405,(682) 038-6478
406,(096) 694-6922
407,(321) 907-7187
407,(442) 234-9990
408,(165) 631-4922
408,(310) 235-9736
409,(495) 878-7643
409,(380) 154-9370
410,(182) 329-2660
410,(701) 537-4362
411,(322) 314-4327
411,(706) 200-2696
412,(189) 648-8620
412,(991) 283-5228
413,(027) 078-9789
413,(842) 734-4973
414,(540) 431-9420
415,(932) 521-7434
416,(931) 321-6902
417,(093) 905-4928
417,(249) 835-2794
418,(541) 037-2106
419,(328) 933-3947
419,(288) 333-3550
420,(368) 443-0323
421,(903) 033-0455
421,(670) 102-0925
422,(662) 503-4254
423,(739) 910-5950
424,(667) 436-7864
425,(472) 180-5566
425,(743) 428-9895
426,(838) 685-3970
426,(057) 440-3703
427,(609) 353-0520
428,(744) 062-0466
428,(251) 593-2425
429,(434) 302-2989
430,(716) 247-2865
430,(572) 014-9719
431,(909) 421-9872
431,(055) 880-4514
432,(649) 095-4746
433,(542) 051-4721
434,(674) 755-6832
434,(048) 415-4988
435,(253) 415-2339
435,(182) 444-4345
436,(922) 622-4717
436,(010) 776-0509
437,(687) 070-0355
438,(336) 791-3913
439,(348) 604-2154
439,(994) 031-7687
440,(032) 315-7332
441,(621) 103-2563
441,(528) 960-9417
442,(947) 665-8278
443,(286) 895-4001
444,(235) 544-4834
444,(378) 503-4999
445,(890) 934-5230
446,(439) 190-1771
446,(258) 141-0503
447,(861) 171-0987
448,(244) 957-7384
448,(932) 573-9859
449,(396) 764-5409
450,(007) 310-4207
450,(458) 927-2495
451,(848) 801-2520
452,(505) 770-9357
453,(837) 054-3419
454,(522) 651-8876
454,(606) 590-6890
455,(339) 766-9407
455,(074) 841-8011
456,(880) 875-6611
456,(936) 469-2629
457,(680) 146-3036
457,(296) 515-6491
458,(575) 710-8465
459,(999) 747-5051
460,(354) 774-1091
460,(898) 040-6458
461,(864) 358-4028
461,(436) 352-7665
462,(216) 154-7522
462,(365) 803-5085
463,(916) 493-6515
464,(284) 279-1454
464,(851) 045-8092
465,(182) 970-0275
465,(676) 674-9133
466,(881) 533-0909
466,(039) 517-9049
467,(576) 412-1914
467,(121) 032-0128
468,(003) 151-5794
468,(564) 521-5540
469,(724) 599-7924
470,(819) 019-2653
471,(982) 804-7176
471,(312) 613-9110
472,(546) 929-1547
473,(780) 993-0793
474,(388) 888-7095
474,(512) 339-0597
475,(249) 456-6917
475,(628) 004-0032
476,(885) 086-8880
476,(390) 605-5934
477,(978) 325-3236
477,(772) 191-9141
478,(554) 135-5400
479,(175) 465-0605
480,(073) 732-4030
480,(033) 175-2427
481,(888) 206-8569
482,(408) 428-3756
482,(117) 732-4062
483,(455) 039-1320
484,(725) 063-9299
484,(401) 962-4455
485,(381) 518-9119
486,(669) 431-4484
486,(831) 153-2421
487,(881) 067-1061
488,(914) 389-1296
489,(411) 315-1588
489,(286) 019-7287
490,(831) 713-2631
490,(452) 232-4168
491,(704) 382-5352
492,(574) 279-3708
493,(934) 439-7594
493,(339) 435-7628
494,(004) 510-0586
495,(792) 150-1174
496,(082) 327-9810
497,(513) 482-2001
498,(552) 602-4325
498,(668) 084-9030
499,(030) 082-2996
499,(777) 446-3670
500,(172) 618-4162
501,(588) 508-9027
502,(806) 932-1985
503,(555) 788-9860
504,(484) 517-4758
504,(490) 710-1560
505,(772) 443-4421
505,(757) 820-5736
506,(506) 488-6213
507,(626) 311-7593
507,(282) 240-2163
508,(259) 547-8830
508,(489) 231-8276
509,(524) 954-9983
509,(667) 381-0241
510,(526) 568-7748
511,(644) 556-2905
512,(604) 759-9297
513,(238) 142-6735
513,(702) 120-6769
514,(654) 929-4820
515,(477) 930-8924
516,(435) 739-3623
516,(619) 189-8744
517,(469) 059-5889
518,(899) 464-1539
519,(754) 706-5324
520,(599) 038-7011
520,(993) 181-0456
521,(068) 857-3136
521,(465) 365-1625
522,(936) 407-9279
522,(649) 347-1218
523,(408) 766-8374
523,(671) 191-1384
524,(936) 742-7344
525,(796) 638-8611
525,(984) 869-7419
526,(192) 407-4444
526,(817) 799-8390
527,(321) 725-5849
527,(661) 654-5843
528,(477) 808-9154
529,(479) 236-0534
529,(839) 914-7128
530,(159) 649-8117
531,(944) 506-9372
532,(625) 846-4056
532,(376) 901-0245
533,(291) 571-6014
534,(371) 590-9478
535,(215) 546-5746
535,(118) 887-7905
536,(925) 247-0649
537,(899) 731-7778
537,(894) 137-0474
538,(744) 859-9522
538,(627) 808-0932
539,(637) 033-5608
540,(934) 494-2913
540,(345) 691-5787
541,(705) 846-3268
541,(794) 381-4575
542,(930) 910-7056
543,(804) 172-7420
543,(778) 313-9776
544,(633) 572-3488
544,(517) 722-8802
545,(987) 200-5018
545,(601) 635-0724
546,(828) 425-4705
547,(216) 951-1234
547,(728) 706-0378
548,(226) 726-3880
549,(609) 660-2857
549,(626) 672-0960
550,(486) 889-2455
550,(646) 892-0200
551,(536) 933-0180
552,(778) 741-3319
553,(648) 279-9939
553,(442) 533-9404
554,(290) 278-6360
555,(421) 475-3336
555,(922) 428-1930
556,(206) 132-4969
556,(677) 202-3251
557,(766) 076-8194
558,(860) 666-0186
558,(074) 863-7314
559,(408) 778-7905
559,(819) 817-5425
560,(300) 052-4418
560,(789) 749-8519
561,(116) 088-1713
561,(328) 577-2593
562,(201) 960-1772
562,(812) 493-3329
563,(278) 177-7573
564,(246) 719-4923
565,(318) 026-6521
566,(651) 286-3215
567,(812) 190-7162
567,(964) 787-3824
568,(721) 944-5713
569,(257) 693-2406
570,(645) 103-7846
571,(825) 422-5562
571,(491) 579-7856
572,(083) 587-0535
572,(307) 660-9576
573,(501) 547-9672
574,(995) 008-4219
574,(246) 639-7444
575,(978) 353-0079
575,(452) 082-1401
576,(107) 976-3245
577,(119) 024-5607
578,(976) 771-7705
579,(681) 737-4133
580,(447) 711-9671
580,(026) 203-8619
581,(807) 881-1224
582,(234) 208-2318
582,(728) 087-0559
583,(069) 781-7448
584,(536) 927-1734
585,(798) 363-9598
586,(589) 291-3340
586,(425) 962-2810
587,(546) 498-0435
587,(843) 635-6162
588,(187) 607-9215
589,(348) 893-5592
590,(325) 591-8437
591,(925) 137-2124
592,(085) 836-3545
593,(161) 589-8494
594,(933) 590-6738
595,(619) 082-8183
596,(102) 478-8699
596,(821) 940-6922
597,(832) 505-8785
598,(450) 582-3095
599,(157) 733-0576
600,(191) 372-7015
601,(058) 911-4139
602,(120) 360-3629
602,(196) 856-3464
603,(759) 748-6141
604,(005) 624-0431
605,(722) 967-7119
606,(490) 645-6650
606,(833) 079-4395
607,(797) 277-9261
607,(590) 314-1216
608,(781) 732-2735
609,(371) 488-8019
609,(068) 145-9368
610,(301) 462-6989
610,(689) 184-1157
611,(942) 135-4058
612,(325) 652-2861
613,(668) 354-2025
613,(208) 915-0612
614,(283) 250-1631
614,(800) 695-3370
615,(293) 468-8829
616,(016) 461-2745
616,(931) 916-4328
617,(370) 159-9428
618,(526) 716-7358
618,(368) 037-4875
619,(762) 408-9071
620,(849) 874-9340
621,(123) 208-6356
621,(352) 694-7825
622,(533) 582-3138
623,(389) 686-4155
624,(057) 799-6221
625,(405) 640-9242
626,(362) 704-0083
626,(633) 287-4841
627,(251) 992-4248
627,(701) 456-6010
628,(700) 022-2299
628,(063) 023-3679
629,(610) 621-8587
629,(460) 598-8134
630,(040) 319-0462
630,(350) 279-1160
631,(209) 668-0414
632,(357) 647-1065
633,(443) 593-8050
634,(906) 670-5910
634,(079) 079-8685
635,(671) 945-5957
635,(904) 030-6282
636,(526) 888-4549
636,(448) 683-6974
637,(860) 736-9888
638,(753) 428-1618
638,(546) 887-0977
639,(273) 982-2241
640,(270) 590-0651
641,(493) 570-2337
642,(226) 478-6998
642,(092) 073-3949
643,(256) 837-6168
643,(191) 083-5002
644,(473) 186-7291
644,(752) 918-1387
645,(996) 966-7897
645,(097) 045-6682
646,(289) 957-5955
646,(834) 559-7170
647,(348) 931-1867
648,(110) 846-3603
648,(159) 352-8019
649,(695) 116-0762
650,(685) 036-2821
651,(805) 772-6028
652,(131) 751-2626
653,(571) 761-4819
653,(444) 398-3675
654,(556) 332-1323
655,(662) 017-7205
656,(471) 167-9844
656,(743) 031-9338
657,(881) 621-4613
657,(596) 505-8272
658,(735) 464-5896
659,(095) 083-7840
659,(581) 826-1906
660,(896) 512-2636
660,(967) 955-6079
661,(635) 022-4170
662,(765) 005-0717
662,(279) 551-3367
663,(900) 468-8687
663,(997) 159-6991
664,(778) 491-4303
664,(492) 294-6295
665,(608) 697-4756
666,(482) 943-3563
667,(952) 796-5245
667,(549) 714-3733
668,(830) 538-2181
669,(386) 760-6469
670,(999) 349-1064
671,(069) 864-3220
672,(363) 980-4904
672,(106) 716-1001
673,(288) 341-9535
674,(155) 348-3635
674,(578) 816-2762
675,(273) 521-7228
676,(735) 359-0803
677,(195) 164-6857
678,(177) 645-9718
678,(301) 194-1658
679,(475) 531-7275
680,(010) 477-5396
681,(638) 259-2179
681,(469) 391-4580
682,(960) 317-7349
683,(438) 744-1066
683,(576) 214-0495
684,(228) 105-2549
684,(565) 523-1834
685,(531) 416-5838
686,(321) 122-4525
687,(084) 707-7599
688,(041) 889-8614
689,(807) 642-0127
689,(695) 684-6191
690,(942) 856-6817
691,(604) 502-0447
692,(861) 899-9430
692,(120) 601-5501
693,(778) 194-1583
694,(090) 286-1071
695,(175) 194-0116
695,(466) 696-5681
696,(310) 309-6306
696,(899) 982-7222
697,(809) 913-6045
697,(238) 621-0823
698,(408) 800-0269
698,(409) 237-6709
699,(921) 198-2445
699,(210) 621-2011
700,(027) 329-8680
700,(429) 451-1705
701,(416) 469-2372
702,(848) 078-4646
702,(581) 756-8801
703,(721) 634-6591
704,(838) 613-2122
705,(183) 892-6103
705,(474) 303-3247
706,(493) 513-4495
707,(429) 676-0813
707,(529) 310-5693
708,(353) 246-1097
708,(368) 554-0190
709,(640) 730-5687
710,(158) 244-9324
711,(034) 262-4005
712,(281) 100-3037
713,(079) 130-0743
713,(244) 747-4198
714,(089) 155-7677
715,(888) 578-5375
715,(701) 797-2398
716,(391) 515-9853
717,(508) 739-4938
718,(056) 775-0057
718,(875) 757-8399
719,(232) 885-6806
720,(670) 713-8712
721,(668) 716-0460
722,(409) 569-4853
722,(641) 083-8232
723,(539) 983-0815
723,(301) 641-7002
724,(540) 845-3657
725,(644) 167-2689
725,(195) 699-4928
726,(594) 888-8611
727,(965) 022-7260
727,(441) 208-1342
728,(642) 555-8193
728,(964) 328-4826
729,(905) 122-2670
730,(042) 344-1013
730,(042) 431-4560
731,(603) 415-5152
731,(527) 482-2829
732,(696) 969-5592
732,(483) 887-7593
733,(818) 605-4579
733,(215) 115-4706
734,(740) 860-1375
734,(121) 832-6567
735,(786) 249-5285
735,(306) 074-8190
736,(650) 763-5742
736,(264) 344-9471
737,(145) 659-9320
738,(268) 731-1218
739,(013) 343-7822
739,(560) 621-9016
740,(352) 177-7350
741,(356) 261-5094
741,(118) 670-3778
742,(265) 612-2226
743,(032) 976-8278
744,(457) 038-8202
744,(255) 791-5099
745,(383) 602-3489
746,(141) 522-9605
747,(087) 535-7067
748,(164) 034-8568
748,(750) 614-2092
749,(095) 463-5609
750,(267) 610-7079
750,(540) 029-9230
751,(882) 283-7822
752,(174) 486-0693
753,(354) 417-8467
753,(844) 066-2894
754,(899) 152-7057
754,(086) 460-2048
755,(862) 410-8140
755,(948) 580-5322
756,(939) 911-1058
757,(539) 122-1815
757,(692) 545-4971
758,(427) 252-0937
759,(839) 149-3302
759,(533) 206-9752
760,(808) 111-7589
761,(784) 574-3276
761,(788) 848-7938
762,(560) 471-7659
763,(633) 317-8885
763,(157) 834-1364
764,(267) 453-0709
765,(051) 803-2613
766,(149) 820-2626
767,(826) 798-1171
767,(303) 530-2616
768,(893) 181-8359
769,(149) 965-5201
769,(598) 767-1288
770,(399) 734-6814
770,(912) 642-4962
771,(263) 090-1052
772,(520) 355-0830
773,(261) 664-1605
774,(626) 013-2480
774,(856) 730-5603
775,(751) 596-2131
775,(514) 453-1996
776,(262) 476-8790
776,(862) 013-1924
777,(787) 050-5927
778,(438) 166-4538
779,(046) 661-7239
779,(896) 353-2762
780,(184) 868-2813
781,(730) 398-9371
782,(542) 070-8157
783,(490) 647-5011
784,(642) 910-3513
785,(626) 164-1400
786,(717) 426-0341
786,(951) 202-5338
787,(782) 556-6819
787,(927) 202-0471
788,(124) 216-4805
788,(733) 398-5813
789,(595) 207-1730
790,(563) 455-9916
790,(012) 389-3571
791,(537) 914-7951
791,(192) 017-6528
792,(000) 352-1194
793,(315) 540-3870
793,(126) 830-5851
794,(238) 501-2511
795,(953) 083-1426
796,(223) 644-6663
796,(234) 895-0002
797,(716) 350-3481
798,(924) 723-1641
798,(272) 340-6625
799,(631) 934-5886
799,(044) 530-8773
800,(120) 461-4256
800,(577) 092-3450
801,(908) 117-0696
802,(690) 877-9914
803,(096) 043-2979
804,(468) 451-6850
805,(976) 928-1357
805,(837) 490-5521
806,(934) 718-3535
807,(616) 207-5207
807,(148) 252-3032
808,(584) 248-3936
808,(948) 542-1018
809,(024) 605-5935
809,(401) 070-5634
810,(476) 614-5669
810,(451) 396-9368
811,(269) 788-8593
812,(976) 136-0481
813,(706) 569-5745
813,(068) 322-7329
814,(588) 574-9763
814,(214) 397-6080
815,(465) 625-7073
816,(093) 102-2719
816,(497) 605-6835
817,(894) 740-8196
817,(640) 135-7551
818,(512) 831-5594
819,(576) 025-7605
820,(579) 986-4820
821,(025) 292-4053
822,(531) 900-4054
823,(093) 173-8289
824,(729) 189-8493
825,(955) 562-7754
825,(481) 770-5674
826,(734) 405-7131
827,(329) 239-5547
828,(777) 021-0880
829,(154) 281-1806
830,(244) 503-3754
831,(685) 987-1194
832,(886) 364-8453
832,(594) 391-7625
833,(668) 167-8610
833,(513) 312-3808
834,(378) 337-5535
834,(963) 900-9608
835,(068) 587-5883
835,(590) 428-2862
836,(945) 185-0271
837,(200) 253-6518
838,(851) 483-6846
839,(342) 322-1230
839,(699) 056-1650
840,(395) 145-1611
840,(500) 016-2114
841,(115) 774-0753
841,(594) 183-4172
842,(409) 315-5764
842,(659) 742-6726
843,(893) 895-1799
843,(599) 707-1746
844,(186) 778-8142
844,(513) 325-7963
845,(570) 463-5937
846,(763) 756-5143
847,(835) 443-6304
848,(472) 611-3311
849,(635) 772-4551
849,(692) 175-7184
850,(947) 236-5753
851,(231) 782-8799
851,(898) 923-8372
852,(014) 443-3912
853,(035) 934-5294
854,(520) 382-2495
855,(896) 550-6524
856,(550) 304-0917
857,(913) 545-4743
857,(526) 662-1866
858,(068) 541-3267
858,(066) 632-1907
859,(111) 579-5399
859,(749) 959-1572
860,(748) 633-1029
860,(319) 942-4033
861,(795) 169-1968
861,(943) 274-0358
862,(308) 234-2845
862,(996) 110-2949
863,(279) 180-8596
863,(583) 330-3287
864,(421) 431-9507
864,(587) 537-7219
865,(958) 033-2305
866,(643) 870-7348
867,(007) 223-2549
868,(496) 852-4646
869,(565) 272-3998
869,(921) 186-0072
870,(283) 582-6298
871,(068) 057-5918
872,(171) 434-2080
872,(213) 826-6466
873,(107) 520-4939
874,(652) 449-2586
875,(294) 601-9968
875,(295) 085-4698
876,(237) 622-1698
877,(570) 090-3530
878,(567) 662-1267
879,(110) 282-6633
880,(075) 263-3826
881,(611) 394-8973
882,(744) 590-0159
882,(137) 459-8082
883,(117) 644-8603
884,(295) 036-1275
885,(892) 434-8814
886,(877) 811-7717
886,(040) 263-0958
887,(249) 830-0330
887,(149) 363-2748
888,(941) 163-7566
889,(125) 249-0503
889,(560) 068-6446
890,(495) 319-3940
890,(044) 685-7920
891,(953) 531-9733
891,(379) 204-0775
892,(845) 557-3479
893,(471) 279-3655
894,(273) 370-0083
895,(143) 056-9286
895,(557) 691-7917
896,(326) 398-3500
897,(600) 763-3396
897,(439) 540-8342
898,(981) 572-9114
899,(207) 026-6496
899,(057) 556-3474
900,(902) 440-0578
900,(750) 250-3267
901,(560) 650-9763
901,(143) 047-6697
902,(209) 741-4410
903,(440) 409-4811
903,(427) 018-8618
904,(570) 824-2296
904,(445) 344-8440
905,(755) 754-7664
905,(663) 482-9704
906,(537) 281-0521
907,(758) 639-1335
908,(829) 279-6030
909,(410) 668-3044
910,(544) 830-7781
911,(687) 809-4531
912,(948) 702-6080
913,(096) 262-8219
913,(327) 402-3077
914,(949) 515-2937
914,(098) 208-0074
915,(826) 809-0235
916,(232) 633-3155
917,(354) 397-7163
917,(074) 320-4041
918,(272) 096-0413
919,(684) 041-6716
920,(077) 093-7358
920,(279) 123-2978
921,(550) 139-0811
921,(326) 436-2325
922,(859) 166-5667
922,(749) 690-8100
923,(352) 406-5432
924,(866) 845-7351
925,(371) 796-7416
926,(097) 214-7885
926,(914) 049-2217
927,(897) 528-7434
928,(128) 602-0445
929,(411) 171-7345
929,(870) 115-5748
930,(946) 738-3915
930,(947) 239-3426
931,(806) 107-1332
931,(430) 035-4773
932,(378) 489-4760
932,(049) 715-0123
933,(654) 459-0609
934,(525) 046-4235
934,(724) 273-2589
935,(469) 022-2869
935,(084) 647-0293
936,(926) 880-0744
936,(051) 099-8535
937,(144) 501-3673
938,(693) 463-6015
939,(375) 367-0466
940,(828) 168-5435
940,(085) 562-3257
941,(901) 984-4621
942,(297) 705-9164
942,(481) 151-1766
943,(051) 074-1777
944,(924) 816-5793
944,(306) 762-4614
945,(394) 552-2166
945,(980) 282-9708
946,(740) 034-6400
947,(176) 860-1456
948,(348) 499-6643
948,(419) 254-3854
949,(196) 794-7452
949,(622) 652-0613
950,(716) 567-0784
951,(107) 439-4721
952,(163) 100-9445
952,(916) 633-9785
953,(133) 417-4350
954,(012) 163-3873
955,(144) 711-3271
956,(989) 922-5227
956,(074) 320-6827
957,(224) 714-4685
957,(592) 567-7823
958,(026) 867-2529
958,(100) 118-4060
959,(329) 680-9017
960,(077) 929-7182
961,(824) 199-6719
961,(059) 372-3263
962,(701) 507-0412
962,(321) 968-8461
963,(381) 313-5324
963,(784) 952-0278
964,(578) 541-6399
964,(228) 990-1888
965,(131) 537-7246
965,(777) 605-6866
966,(465) 327-1144
966,(968) 148-0673
967,(108) 884-9646
968,(124) 083-8821
968,(097) 336-9662
969,(932) 680-0754
970,(278) 099-6870
971,(598) 409-5875
972,(786) 805-6920
972,(686) 441-1866
973,(598) 078-3206
974,(685) 788-6208
975,(195) 485-2245
975,(623) 881-4548
976,(532) 365-9894
976,(078) 284-8113
977,(284) 853-5621
978,(106) 370-4746
978,(746) 281-9002
979,(101) 519-0609
979,(413) 723-1968
980,(481) 585-0500
981,(604) 290-6583
982,(966) 923-6759
983,(183) 411-2743
983,(136) 850-2492
984,(817) 671-2720
985,(763) 288-1693
986,(569) 982-2703
986,(751) 115-3563
987,(244) 088-9555
988,(645) 026-2856
988,(307) 649-1211
989,(078) 014-4100
990,(209) 492-3264
991,(601) 790-1914
992,(282) 160-2017
993,(776) 688-7257
993,(546) 049-3449
994,(118) 196-4034
994,(527) 195-2776
995,(609) 619-2268
995,(504) 232-1599
996,(134) 021-7613
996,(525) 081-5989
997,(333) 932-5787
997,(568) 207-1959
998,(216) 322-0571
998,(782) 099-2519
999,(032) 208-8002
1000,(504) 021-0809
1000,(471) 543-6986
1001,(070) 873-0484
1002,(669) 214-2131
1002,(745) 496-4593
1003,(125) 755-5542
1003,(574) 697-6961
1004,(393) 218-8984
1005,(915) 225-5802
1005,(988) 101-3688
1006,(550) 502-2367
1006,(445) 875-6851
1007,(220) 989-9897
1007,(220) 882-3722
1008,(794) 908-3811
1008,(995) 544-8765
1009,(369) 300-0591
1010,(815) 338-7119
1010,(834) 260-4183
1011,(164) 650-4102
1012,(334) 289-3941
1013,(331) 831-6434
1013,(391) 852-1965
1014,(019) 571-1469
1015,(911) 025-5285
1016,(536) 748-0590
1016,(818) 945-8634
1017,(984) 308-8456
1018,(597) 113-1551
1019,(966) 913-2450
1019,(637) 610-9543
1020,(271) 956-5151
1021,(174) 319-3040
1022,(968) 647-9232
1022,(757) 108-1006
1023,(757) 830-5965
1023,(928) 971-3020
1024,(007) 450-1100
1024,(858) 293-1279
1025,(204) 434-2329
1025,(590) 021-3721
1026,(133) 982-2479
1026,(819) 948-0425
1027,(675) 081-8812
1027,(717) 509-8270
1028,(140) 601-1295
1029,(965) 321-3051
1029,(437) 276-3013
1030,(485) 320-5238
1030,(686) 853-5063
1031,(446) 881-5693
1032,(272) 595-4637
1033,(412) 823-3738
1034,(192) 114-4402
1035,(133) 801-4927
1036,(276) 535-8885
1037,(204) 120-4898
1037,(990) 076-7714
1038,(284) 539-8738
1038,(956) 403-7131
1039,(975) 258-9644
1039,(871) 106-0848
1040,(531) 277-9753
1040,(170) 056-4923
1041,(546) 916-1957
1042,(318) 118-8151
1042,(619) 793-1479
1043,(155) 251-2542
1044,(972) 160-6042
1045,(832) 889-9037
1045,(354) 585-3233
1046,(439) 120-0287
1047,(689) 195-7335
1048,(344) 826-4300
1049,(628) 867-3480
1049,(838) 789-1233
1050,(061) 616-3885
1051,(922) 910-4710
1052,(937) 145-1207
1052,(649) 475-7059
1053,(050) 157-6632
1053,(968) 422-8353
1054,(985) 631-6577
1055,(739) 286-5619
1056,(673) 209-2474
1057,(078) 220-9737
1057,(088) 710-5476
1058,(651) 749-8249
1059,(995) 690-1954
1059,(694) 791-8784
1060,(878) 598-7352
1061,(765) 703-6188
1061,(397) 423-8923
1062,(266) 676-8939
1062,(278) 938-5378
1063,(706) 333-5536
1064,(293) 080-0312
1065,(448) 729-6443
1065,(363) 462-1974
1066,(364) 610-6419
1066,(725) 872-8682
1067,(438) 469-4142
1068,(142) 549-4197
1068,(179) 896-7556
1069,(877) 751-6419
1070,(129) 583-2527
1070,(065) 294-9372
1071,(654) 873-4425
1072,(054) 085-6381
1073,(837) 055-1333
1074,(533) 515-7901
1075,(205) 484-0480
1075,(885) 504-9677
1076,(487) 083-9278
1077,(487) 743-0897
1077,(511) 566-0931
1078,(857) 593-2686
1079,(833) 053-4488
1080,(851) 487-6311
1080,(241) 808-5973
1081,(197) 268-0936
1081,(976) 647-0224
1082,(338) 889-9623
1083,(767) 900-9174
1084,(008) 958-4269
1085,(162) 346-3196
1086,(457) 037-1126
1087,(125) 652-6321
1088,(590) 663-1441
1088,(551) 358-4793
1089,(921) 387-0854
1089,(761) 432-7522
1090,(874) 251-2855
1090,(243) 124-4149
1091,(364) 904-3901
1091,(330) 375-8878
1092,(155) 668-3159
1093,(570) 354-3053
1093,(624) 657-9405
1094,(793) 821-3949
1094,(515) 804-3781
1095,(936) 498-5461
1096,(521) 924-2193
1096,(546) 560-4279
1097,(437) 768-5703
1098,(411) 859-1941
1098,(964) 925-8689
1099,(472) 163-0533
1100,(518) 947-7375
1100,(369) 007-1379
1101,(799) 554-6728
1101,(968) 748-9696
1102,(833) 203-4133
1102,(046) 174-9584
1103,(059) 858-6097
1103,(819) 592-2616
1104,(023) 912-8250
1105,(460) 864-4754
1105,(519) 790-0989
1106,(318) 270-8044
1107,(882) 386-2550
1108,(222) 915-6953
1108,(883) 654-1288
1109,(263) 498-3077
1110,(275) 260-0361
1111,(168) 731-4254
1111,(240) 154-7439
1112,(043) 366-7340
1112,(530) 499-2432
1113,(327) 269-3025
1113,(457) 682-4431
1114,(442) 130-6926
1115,(443) 514-8350
1115,(711) 113-1526
1116,(189) 515-3241
1117,(766) 912-2362
1118,(776) 556-2279
1118,(834) 386-1364
1119,(267) 725-7650
1119,(718) 159-0888
1120,(438) 521-1284
1121,(524) 169-2673
1122,(228) 033-1435
1122,(101) 262-3796
1123,(465) 494-0241
1124,(248) 770-5812
1125,(812) 425-7936
1126,(878) 572-8412
1127,(645) 815-6081
1127,(544) 282-0835
1128,(161) 308-3726
1128,(238) 681-2657
1129,(855) 760-2122
1130,(729) 739-2026
1131,(021) 509-4038
1131,(180) 771-4015
1132,(652) 251-3190
1132,(988) 724-9091
1133,(743) 217-3600
1134,(315) 372-4245
1135,(666) 310-4191
1136,(853) 045-0944
1137,(843) 345-8506
1138,(673) 109-9553
1138,(275) 176-7233
1139,(462) 629-8038
1139,(459) 602-4786
1140,(811) 688-5979
1141,(480) 231-7421
1142,(739) 990-9081
1142,(699) 402-6618
1143,(032) 635-0974
1144,(364) 058-6195
1144,(072) 915-0583
1145,(262) 367-3641
1145,(728) 349-8942
1146,(976) 394-7809
1147,(171) 320-5328
1148,(746) 697-0120
1149,(450) 823-1613
1150,(161) 589-4715
1150,(758) 726-9177
1151,(779) 315-3777
1152,(909) 160-3640
1153,(489) 177-0047
1153,(177) 731-4266
1154,(140) 067-6135
1154,(486) 177-9887
1155,(676) 833-4725
1155,(768) 121-6383
1156,(855) 527-3473
1157,(557) 068-9058
1157,(094) 709-2634
1158,(561) 164-6618
1159,(569) 368-3889
1160,(808) 822-2899
1161,(597) 879-3223
1162,(799) 705-6651
1163,(554) 070-7847
1163,(502) 656-1061
1164,(519) 379-8229
1165,(606) 445-4531
1166,(424) 078-1978
1167,(670) 830-6000
1167,(174) 569-7976
1168,(984) 941-9511
1169,(833) 659-6734
1170,(905) 251-1188
1170,(642) 043-0608
1171,(716) 584-7538
1171,(625) 607-5194
1172,(184) 546-7502
1172,(422) 370-2745
1173,(994) 909-9627
1174,(584) 807-0403
1175,(407) 827-1791
1175,(764) 110-1060
1176,(363) 017-0628
1177,(684) 628-7791
1177,(371) 259-2740
1178,(811) 250-0647
1179,(980) 127-4283
1180,(689) 628-4509
1180,(098) 800-5735
1181,(228) 766-3068
1182,(240) 914-8301
1182,(012) 445-8482
1183,(220) 311-9790
1184,(109) 851-9126
1185,(703) 222-2979
1185,(445) 780-2912
1186,(100) 678-8067
1186,(140) 285-4434
1187,(456) 899-3305
1187,(283) 485-9880
1188,(228) 365-1022
1189,(196) 090-9577
1190,(986) 660-4264
1191,(536) 440-9681
1192,(544) 603-7355
1193,(447) 273-1816
1194,(021) 828-9202
1195,(390) 832-6987
1196,(153) 575-1921
1196,(724) 396-7831
1197,(711) 974-1311
1198,(081) 909-3199
1199,(866) 084-2210
1200,(636) 303-5580
1200,(815) 328-6408
1201,(763) 897-4544
1202,(667) 471-1493
1203,(511) 947-5741
1204,(144) 974-8456
1204,(918) 579-3527
1205,(365) 371-2877
1205,(572) 931-1736
1206,(259) 580-5381
1207,(378) 703-7822
1207,(913) 026-0336
1208,(672) 876-0830
1208,(580) 545-4614
1209,(659) 714-8251
1210,(041) 862-1771
1211,(116) 369-9180
1212,(803) 835-5919
1212,(260) 899-3420
1213,(000) 366-6536
1213,(845) 218-1358
1214,(574) 100-5531
1214,(825) 401-4696
1215,(895) 746-5105
1215,(819) 224-7799
1216,(636) 779-2976
1216,(426) 596-4922
1217,(950) 165-5621
1218,(765) 515-2266
1219,(837) 981-9744
1220,(490) 998-8916
1220,(636) 758-2128
1221,(369) 102-4351
1221,(179) 756-6887
1222,(020) 656-0501
1222,(269) 672-4188
1223,(504) 009-5276
1223,(307) 973-1726
1224,(267) 547-2787
1225,(147) 920-7736
1226,(457) 569-0926
1227,(808) 892-3578
1227,(145) 479-6313
1228,(697) 284-7793
1229,(012) 055-0520
1229,(082) 117-0362
1230,(044) 387-9431
1231,(250) 028-8639
1232,(932) 754-1747
1232,(867) 729-2625
1233,(244) 200-0964
1233,(376) 014-6722
1234,(373) 363-2932
1234,(114) 814-4142
1235,(788) 790-5025
1236,(000) 618-2715
1237,(264) 594-7289
1238,(350) 517-1024
1239,(418) 942-9878
1239,(233) 650-3586
1240,(685) 509-3343
1240,(603) 198-9864
1241,(100) 748-1785
1242,(518) 632-8073
1243,(800) 576-7643
1243,(586) 236-6788
1244,(082) 413-9066
1245,(164) 016-4749
1246,(631) 386-6408
1246,(328) 349-7351
1247,(307) 006-4937
1248,(494) 556-9331
1249,(527) 677-2323
1250,(617) 240-0973
1250,(312) 174-3625
1251,(963) 057-9575
1251,(485) 148-5258
1252,(725) 359-0180
1252,(001) 853-5158
1253,(566) 085-7103
1253,(983) 952-1089
1254,(532) 072-6654
1255,(526) 851-7581
1256,(604) 194-6523
1257,(251) 323-2684
1258,(365) 117-1695
1258,(027) 533-4230
1259,(354) 871-1302
1260,(512) 316-6335
1261,(584) 191-0134
1261,(142) 819-8193
1262,(605) 658-8204
1262,(594) 089-2413
1263,(240) 147-9186
1263,(153) 068-6391
1264,(849) 883-5144
1264,(208) 981-8666
1265,(580) 801-9689
1266,(323) 011-1942
1267,(665) 370-9805
1267,(730) 867-1085
1268,(541) 175-7182
1268,(827) 130-1583
1269,(542) 962-9960
1269,(787) 913-9267
1270,(110) 779-0463
1271,(903) 332-2456
1272,(313) 575-1412
1272,(427) 043-7389
1273,(336) 136-0499
1273,(171) 888-5507
1274,(020) 503-6800
1274,(046) 924-9867
1275,(120) 506-3209
1275,(097) 057-3146
1276,(915) 096-3022
1277,(986) 536-4814
1277,(041) 426-5110
1278,(780) 980-0983
1279,(139) 658-9899
1279,(311) 247-3310
1280,(393) 158-7360
1280,(939) 997-0048
1281,(994) 386-3474
1281,(852) 363-8270
1282,(295) 412-5932
1282,(418) 516-4412
1283,(928) 248-4648
1283,(430) 114-6844
1284,(164) 772-6613
1284,(908) 635-8784
1285,(946) 636-9038
1286,(164) 041-7041
1286,(802) 402-6771
1287,(268) 398-9951
1287,(285) 022-4769
1288,(249) 567-4457
1288,(484) 574-4323
1289,(185) 208-5867
1289,(721) 815-5106
1290,(435) 451-2402
1291,(219) 402-3797
1291,(834) 707-3155
1292,(283) 770-7921
1293,(092) 601-2924
1293,(751) 904-1696
1294,(379) 680-6546
1295,(237) 228-3712
1295,(310) 146-2860
1296,(091) 123-0927
1297,(469) 890-1465
1298,(212) 110-2467
1299,(938) 558-4855
1300,(970) 936-5429
1300,(286) 549-9606
1301,(005) 452-3491
1302,(763) 068-3750
1303,(235) 754-9952
1304,(751) 310-7656
1304,(150) 831-0238
1305,(743) 630-3647
1306,(900) 490-7483
1306,(864) 383-5514
1307,(127) 716-8791
1307,(881) 374-9707
1308,(886) 139-0653
1308,(384) 979-8327
1309,(292) 336-1969
1309,(382) 234-4633
1310,(134) 088-7842
1310,(923) 741-3061
1311,(705) 637-8282
1312,(031) 033-9615
1312,(267) 870-1734
1313,(036) 439-6111
1313,(727) 090-1897
1314,(668) 246-0555
1315,(327) 603-8762
1315,(629) 543-4123
1316,(808) 969-1894
1317,(239) 976-9557
1317,(174) 709-1267
1318,(193) 130-8456
1318,(537) 581-6659
1319,(480) 774-0220
1320,(934) 659-2290
1321,(240) 518-6686
1322,(985) 021-7112
1322,(041) 220-2080
1323,(016) 446-8939
1323,(598) 997-2413
1324,(994) 942-4697
1325,(808) 407-7244
1326,(742) 035-9096
1326,(168) 956-1392
1327,(034) 991-8654
1327,(437) 205-7129
1328,(961) 668-0915
1329,(206) 987-1083
1330,(908) 672-3256
1330,(286) 224-1057
1331,(129) 402-1034
1332,(844) 805-8992
1332,(936) 245-7157
1333,(722) 900-0880
1333,(049) 625-8569
1334,(155) 430-9925
1335,(677) 804-6933
1335,(180) 503-9973
1336,(470) 112-8328
1337,(886) 038-6371
1338,(248) 385-6808
1339,(842) 527-0890
1339,(238) 469-5317
1340,(126) 513-5708
1340,(548) 639-1034
1341,(334) 673-8074
1342,(378) 129-8682
1342,(034) 349-8098
1343,(781) 042-8030
1344,(129) 463-9380
1344,(380) 135-1020
1345,(642) 265-0573
1345,(017) 489-0271
1346,(520) 384-3832
1347,(733) 858-3107
1348,(411) 765-8279
1348,(755) 015-4501
1349,(790) 163-0435
1350,(403) 507-8243
1350,(090) 153-2252
1351,(368) 267-0823
1351,(146) 269-0639
1352,(838) 101-1552
1352,(494) 939-1241
1353,(155) 722-9801
1354,(963) 709-2842
1355,(203) 285-2596
1356,(753) 433-3070
1357,(991) 189-1184
1357,(547) 392-8744
1358,(787) 350-9391
1358,(622) 059-8410
1359,(175) 453-1892
1360,(405) 619-2104
1361,(525) 861-9805
1361,(207) 450-0060
1362,(323) 698-8658
1363,(793) 457-1114
1364,(856) 627-6341
1365,(395) 832-9067
1365,(015) 242-1106
1366,(322) 319-6976
1366,(220) 083-3343
1367,(917) 791-6125
1368,(817) 622-3457
1368,(469) 208-8512
1369,(485) 370-7319
1369,(287) 454-1174
1370,(476) 303-8970
1370,(352) 820-5528
1371,(275) 694-3905
1371,(779) 574-5003
1372,(303) 028-7806
1373,(146) 343-7645
1373,(498) 148-2505
1374,(450) 540-9988
1374,(659) 825-7005
1375,(392) 860-2083
1376,(845) 686-2140
1377,(415) 639-7474
1377,(605) 301-4285
1378,(979) 780-5293
1378,(245) 647-8939
1379,(997) 335-4044
1379,(687) 925-1655
1380,(959) 418-1805
1381,(880) 711-9371
1382,(011) 884-9427
1383,(096) 304-8713
1383,(805) 780-4141
1384,(094) 278-2502
1385,(546) 023-0614
1386,(795) 357-5777
1386,(651) 859-2350
1387,(020) 236-1135
1388,(602) 277-4341
1388,(370) 527-2637
1389,(353) 634-8346
1389,(430) 928-8552
1390,(421) 600-8164
1390,(381) 721-6407
1391,(552) 630-9330
1392,(668) 657-1608
1392,(860) 556-8876
1393,(811) 526-1660
1394,(264) 475-5177
1394,(687) 673-2029
1395,(097) 894-1158
1395,(245) 540-6398
1396,(823) 563-8188
1397,(304) 859-0023
1398,(141) 183-7345
1398,(000) 565-4594
1399,(950) 592-8144
1400,(531) 077-0564
1400,(105) 655-0422
1401,(899) 496-9863
1401,(789) 403-2778
1402,(451) 577-7914
1403,(311) 097-3325
1403,(239) 320-1924
1404,(991) 536-9333
1405,(264) 592-8043
1406,(841) 151-2974
1406,(356) 486-5380
1407,(915) 039-9001
1408,(190) 188-6643
1408,(427) 731-6405
1409,(042) 390-7312
1409,(661) 913-1658
1410,(610) 454-5465
1411,(482) 891-0777
1411,(819) 582-2239
1412,(460) 596-1744
1413,(749) 973-4096
1414,(618) 072-4386
1415,(268) 725-9777
1416,(515) 766-0543
1417,(775) 716-5133
1418,(764) 248-1922
1418,(344) 885-3848
1419,(421) 759-9308
1419,(252) 312-3906
1420,(092) 526-3611
1421,(762) 381-0827
1421,(664) 063-2801
1422,(832) 578-3542
1423,(570) 764-7783
1424,(014) 309-3491
1425,(045) 746-6702
1426,(147) 033-8797
1426,(227) 877-5436
1427,(809) 233-1486
1427,(278) 113-8292
1428,(111) 234-7138
1428,(642) 163-3405
1429,(335) 460-8645
1429,(534) 890-6745
1430,(664) 919-6185
1431,(849) 137-3160
1432,(422) 977-0023
1432,(757) 369-6516
1433,(681) 914-1376
1433,(034) 012-9733
1434,(802) 981-0549
1434,(840) 264-0723
1435,(111) 436-1719
1435,(147) 632-2094
1436,(082) 857-8266
1436,(695) 104-1424
1437,(053) 422-7111
1437,(350) 565-5554
1438,(734) 960-2451
1438,(751) 790-4591
1439,(890) 237-6537
1439,(140) 020-4307
1440,(874) 193-8400
1440,(587) 386-9121
1441,(094) 125-5681
1442,(768) 916-9446
1442,(964) 348-3861
1443,(463) 937-0860
1443,(934) 996-2718
1444,(234) 135-1750
1444,(856) 494-2550
1445,(295) 919-9181
1445,(072) 142-3445
1446,(389) 825-0034
1446,(013) 191-2900
1447,(129) 769-6484
1448,(053) 661-2800
1448,(400) 897-1621
1449,(942) 498-3746
1449,(807) 140-6204
1450,(047) 484-3256
1451,(950) 392-9184
1452,(526) 059-4493
1452,(921) 782-4540
1453,(744) 228-0631
1453,(378) 545-9272
1454,(464) 980-0534
1454,(463) 400-6142
1455,(907) 549-2765
1455,(824) 934-7471
1456,(103) 063-9824
1456,(655) 367-2200
1457,(832) 047-7834
1457,(050) 650-4562
1458,(312) 348-3965
1458,(369) 053-7653
1459,(041) 148-3967
1459,(679) 378-0492
1460,(816) 203-9639
1461,(623) 822-1695
1462,(572) 331-0284
1463,(427) 490-2942
1464,(419) 402-3681
1464,(158) 720-6909
1465,(138) 032-9056
1465,(072) 607-1599
1466,(637) 858-6597
1466,(974) 072-4402
1467,(226) 835-1990
1467,(163) 196-9563
1468,(167) 459-6080
1468,(457) 801-6597
1469,(598) 794-3430
1470,(489) 399-4579
1471,(126) 368-0335
1471,(471) 244-5747
1472,(137) 255-2506
1472,(981) 415-7201
1473,(081) 256-6343
1473,(415) 566-0351
1474,(670) 481-2361
1474,(582) 653-9947
1475,(974) 727-2167
1475,(707) 211-3238
1476,(973) 757-0200
1476,(127) 359-0743
1477,(098) 998-8556
1477,(129) 379-3188
1478,(973) 673-5410
1478,(176) 908-5038
1479,(272) 924-5701
1480,(134) 984-3382
1481,(554) 754-7676
1481,(672) 779-5798
1482,(496) 364-8531
1482,(400) 782-9862
1483,(544) 420-0861
1484,(435) 013-9392
1484,(438) 998-4746
1485,(145) 113-3108
1486,(912) 762-0487
1487,(498) 478-4204
1488,(288) 406-2531
1489,(908) 717-5887
1490,(415) 741-2091
1491,(433) 544-0779
1491,(729) 641-4155
1492,(694) 021-9442
1492,(349) 936-0470
1493,(209) 910-6830
1494,(585) 149-8913
1495,(184) 252-7293
1495,(467) 819-7502
1496,(086) 940-7444
1496,(669) 905-4307
1497,(390) 996-1219
1497,(445) 942-3772
1498,(717) 180-9605
1498,(529) 267-8784
1499,(871) 127-5848
